{"retcode":20000000,"msg":"","data":{"crossdomainlist":{"weibo.com":"https:\/\/passport.weibo.com\/sso\/crossdomain?entry=mweibo&action=login&proj=1&ticket=ST-NjE3ODc1NTg5NA%3D%3D-1547566656-yf-A768253E179EA6E355A403837B33CE5A-1","sina.com.cn":"https:\/\/login.sina.com.cn\/sso\/crossdomain?entry=mweibo&action=login&proj=1&ticket=ST-NjE3ODc1NTg5NA%3D%3D-1547566656-yf-2F22938E5D3B79E2368536C56CF48FC5-1","weibo.cn":"https:\/\/passport.sina.cn\/sso\/crossdomain?entry=mweibo&action=login&ticket=ST-NjE3ODc1NTg5NA%3D%3D-1547566656-yf-20F46662C170548E80912B8459550336-1"},"loginresulturl":"","uid":"6178755894"}}
{"retcode":20000000,"msg":"","data":{"crossdomainlist":{"weibo.com":"https:\/\/passport.weibo.com\/sso\/crossdomain?entry=mweibo&action=login&proj=1&ticket=ST-NjE3ODc1NTg5NA%3D%3D-1547566087-tc-B2F132AC1E62F2D21B6F771634FFA69C-1","sina.com.cn":"https:\/\/login.sina.com.cn\/sso\/crossdomain?entry=mweibo&action=login&proj=1&ticket=ST-NjE3ODc1NTg5NA%3D%3D-1547566087-tc-6B9983BDE7468901AE319D1611A4DBFD-1","weibo.cn":"https:\/\/passport.sina.cn\/sso\/crossdomain?entry=mweibo&action=login&ticket=ST-NjE3ODc1NTg5NA%3D%3D-1547566087-tc-CEFD5A1025E0AA29CF8AD850EBD12EA4-1"},"loginresulturl":"","uid":"6178755894"}}