[{
    "status": {
        "created_at": "Tue Jan 15 10:00:07 +0800 2019",
        "id": "4328664940066319",
        "mid": "4328664940066319",
        "can_edit": false,
        "show_additional_indication": 0,
        "text": "看到你...我有一点点动心<span class=\"url-icon\"><img alt=[嘻嘻] src=\"//h5.sinaimg.cn/m/emoticon/icon/default/d_xixi-ce63ce2629.png\" style=\"width:1em; height:1em;\" /></span><a  href=\"https://m.weibo.cn/search?containerid=231522type%3D1%26t%3D10%26q%3D%23%E6%AC%A7%E8%8E%B1%E9%9B%85%E5%B0%8F%E9%92%A2%E7%AC%94%23&extparam=%23%E6%AC%A7%E8%8E%B1%E9%9B%85%E5%B0%8F%E9%92%A2%E7%AC%94%23\" data-hide=\"\"><span class=\"surl-text\">#欧莱雅小钢笔#</span></a><a  href=\"https://m.weibo.cn/search?containerid=231522type%3D1%26t%3D10%26q%3D%23%E9%9B%BE%E4%B8%8A%E7%98%BE%23&extparam=%23%E9%9B%BE%E4%B8%8A%E7%98%BE%23\" data-hide=\"\"><span class=\"surl-text\">#雾上瘾#</span></a> ",
        "textLength": 51,
        "source": "OPPO随光而变R17 Pro",
        "favorited": false,
        "pic_ids": [
            "63885668ly1fz71ecgpzcj22ru3o0qvd"
        ],
        "thumbnail_pic": "http://wx3.sinaimg.cn/thumbnail/63885668ly1fz71ecgpzcj22ru3o0qvd.jpg",
        "bmiddle_pic": "http://wx3.sinaimg.cn/bmiddle/63885668ly1fz71ecgpzcj22ru3o0qvd.jpg",
        "original_pic": "http://wx3.sinaimg.cn/large/63885668ly1fz71ecgpzcj22ru3o0qvd.jpg",
        "is_paid": false,
        "mblog_vip_type": 0,
        "user": {
            "id": 1669879400,
            "screen_name": "Dear-迪丽热巴",
            "profile_image_url": "https://tvax1.sinaimg.cn/crop.0.0.996.996.180/63885668ly8fjf57kfmgfj20ro0ro0u7.jpg",
            "profile_url": "https://m.weibo.cn/u/1669879400?uid=1669879400",
            "statuses_count": 936,
            "verified": true,
            "verified_type": 0,
            "verified_type_ext": 1,
            "verified_reason": "嘉行传媒签约演员　",
            "close_blue_v": false,
            "description": "一只喜欢默默表演的小透明。工作联系helloworkwork@126.com🍒",
            "gender": "f",
            "mbtype": 12,
            "urank": 41,
            "mbrank": 7,
            "follow_me": false,
            "following": false,
            "followers_count": 60709334,
            "follow_count": 219,
            "cover_image_phone": "https://tva2.sinaimg.cn/crop.0.0.640.640.640/a1d3feabjw1ecasunmkncj20hs0hsq4j.jpg",
            "avatar_hd": "https://wx1.sinaimg.cn/orj480/63885668ly8fjf57kfmgfj20ro0ro0u7.jpg",
            "like": false,
            "like_me": false,
            "badge": {
                "zongyiji": 1,
                "follow_whitelist_video": 1,
                "user_name_certificate": 1,
                "wenchuan_10th": 1,
                "national_day_2018": 1,
                "wbzy_2018": 1,
                "memorial_2018": 1
            }
        },
        "picStatus": "0:1",
        "reposts_count": 641735,
        "comments_count": 482465,
        "attitudes_count": 167748,
        "pending_approval_count": 0,
        "isLongText": false,
        "reward_exhibition_type": 0,
        "hide_flag": 0,
        "visible": {
            "type": 0,
            "list_id": 0
        },
        "expire_time": 1547606973,
        "darwin_tags": [
            {
                "object_type": "fangle",
                "object_id": "1022:23126100007547733803538433",
                "display_name": "迪丽热巴最新动态追踪",
                "enterprise_uid": null,
                "bd_object_type": "fangle"
            }
        ],
        "mblogtype": 0,
        "more_info_type": 0,
        "cardid": "star_212",
        "content_auth": 0,
        "hide_hot_flow": 1,
        "page_info": {
            "type": "search_topic",
            "object_type": 0,
            "page_pic": {
                "url": "https://wx4.sinaimg.cn/large/67436eebly1fycamy7k4kj205q05qaah.jpg"
            },
            "page_url": "https://m.weibo.cn/search?containerid=231522type%3D1%26t%3D10%26q%3D%23%E6%AC%A7%E8%8E%B1%E9%9B%85%E5%B0%8F%E9%92%A2%E7%AC%94%23&extparam=%23%E6%AC%A7%E8%8E%B1%E9%9B%85%E5%B0%8F%E9%92%A2%E7%AC%94%23",
            "page_title": "#欧莱雅小钢笔#",
            "content1": "249万讨论 2.2亿阅读 "
        },
        "pics": [
            {
                "pid": "63885668ly1fz71ecgpzcj22ru3o0qvd",
                "url": "https://wx3.sinaimg.cn/orj360/63885668ly1fz71ecgpzcj22ru3o0qvd.jpg",
                "size": "orj360",
                "geo": {
                    "width": 360,
                    "height": 475,
                    "croped": false
                },
                "large": {
                    "size": "large",
                    "url": "https://wx3.sinaimg.cn/large/63885668ly1fz71ecgpzcj22ru3o0qvd.jpg",
                    "geo": {
                        "width": 2048,
                        "height": 2707,
                        "croped": false
                    }
                }
            }
        ],
        "tag_info": {
            "type": "webpage",
            "icon": "https://h5.sinaimg.cn/upload/2017/04/06/253/timeline_card_small_fresh-news_default.png",
            "page_pic": {
                "url": "http://wx2.sinaimg.cn/crop.0.487.2241.1260/90eb2137ly1fpzrtlbg03j21vs1cktnx.jpg"
            },
            "page_url": "https://m.weibo.cn/c/novelty/detail?card_id=7547733803538433",
            "page_title": "【新鲜事】迪丽热巴最新动态追踪",
            "content1": "11小时前 更新",
            "buttons": [
                {
                    "type": "link",
                    "name": "打开鲜知",
                    "color": "#FF8200",
                    "pic": "https://tvax1.sinaimg.cn/crop.0.0.144.144.180/0078Pqmnly8ftnb3iqnr0j3040040t8m.jpg",
                    "scheme": "https://novelty.h5.weibo.cn/others/openXz?cardid=7547733803538433&isAutoOpen=1"
                }
            ]
        },
        "bid": "Hc1HM0hfF",
        "buttons": [
            {
                "type": "follow",
                "name": "关注",
                "sub_type": 0,
                "params": {
                    "uid": 1669879400
                }
            }
        ],
        "status_title": "欧莱雅小钢笔",
        "ok": 1,
        "scheme": "https://weibo.cn/appurl?scheme=sinaweibo%3A%2F%2Fdetail%3Fmblogid%3D4328664940066319%26luicode%3D20000061%26lfid%3D4328664940066319&luicode=20000061&lfid=4328664940066319",
        "tipScheme": "https://weibo.cn/appurl?scheme=sinaweibo%3A%2F%2Fdetail%3Fmblogid%3D4328664940066319%26luicode%3D20000061%26lfid%3D4328664940066319&luicode=20000061&lfid=4328664940066319"
    },
    "hotScheme": "https://m.weibo.cn/p/index?containerid=102803&luicode=20000061&lfid=4328664940066319",
    "appScheme": "https://m.weibo.cn?luicode=20000061&lfid=4328664940066319",
    "callUinversalLink": false,
    "callWeibo": false,
    "hit": true,
    "is_gray": 1,
    "schemeOrigin": false,
    "appLink": "sinaweibo://detail?mblogid=4328664940066319&luicode=20000061&lfid=4328664940066319",
    "xianzhi_scheme": "xianzhi://mblogshow?mid=4328664940066319"
}]