{
    "ok": 1,
    "data": {
      "data": [
        {
          "created_at": "Wed Jan 16 00:00:52 +0800 2019",
          "id": "4328876526258347",
          "rootid": "4328876526258347",
          "floor_number": 53,
          "text": "我参与了<a href='/n/华西都市报'>@华西都市报</a> 发起的投票 【明星势力榜本周内地榜，你为谁打过榜】，我投给了“摩登兄弟”这个选项。你也快来表态吧~",
          "disable_reply": 0,
          "user": {
            "id": 6270131111,
            "screen_name": "MD30喜欢刘宇宁",
            "profile_image_url": "https://tvax4.sinaimg.cn/crop.0.0.1010.1010.180/006QkPwXly8fyutwqumt0j30s20s20u4.jpg",
            "profile_url": "https://m.weibo.cn/u/6270131111?uid=6270131111",
            "statuses_count": 1424,
            "verified": false,
            "verified_type": -1,
            "close_blue_v": false,
            "description": "只是单纯的喜欢刘宇宁🌸",
            "gender": "m",
            "mbtype": 11,
            "urank": 15,
            "mbrank": 1,
            "follow_me": false,
            "following": false,
            "followers_count": 291,
            "follow_count": 361,
            "cover_image_phone": "https://wx1.sinaimg.cn/crop.0.0.640.640.640/006QkPwXly1fywojgj84ej30u00u0jw0.jpg",
            "avatar_hd": "https://wx4.sinaimg.cn/orj480/006QkPwXly8fyutwqumt0j30s20s20u4.jpg",
            "like": false,
            "like_me": false,
            "badge": {
              "bind_taobao": 1,
              "panda": 1,
              "user_name_certificate": 1,
              "double11_2018": 1,
              "wbzy_2018": 1
            }
          },
          "mid": "4328876526258347",
          "readtimetype": "comment",
          "comments": false,
          "max_id": 0,
          "total_number": 0,
          "isLikedByMblogAuthor": false,
          "more_info_type": 0,
          "bid": "Hc7d2qg55",
          "source": "",
          "like_count": 0,
          "liked": false
        },
        {
          "created_at": "Tue Jan 15 23:58:44 +0800 2019",
          "id": "4328875989182630",
          "rootid": "4328875989182630",
          "floor_number": 24,
          "text": "我参与了<a href='/n/华西都市报'>@华西都市报</a> 发起的投票 【明星势力榜本周内地榜，你为谁打过榜】，我投给了“摩登兄弟”这个选项。你也快来表态吧~",
          "disable_reply": 0,
          "user": {
            "id": 5387675568,
            "screen_name": "彼得兔爱泡面",
            "profile_image_url": "https://tvax1.sinaimg.cn/crop.0.0.664.664.180/005SC8x2ly8fz4ze8qxs5j30ig0igmy3.jpg",
            "profile_url": "https://m.weibo.cn/u/5387675568?uid=5387675568",
            "statuses_count": 4218,
            "verified": true,
            "verified_type": 0,
            "verified_type_ext": 0,
            "verified_reason": "摩登兄弟刘宇宁想象超话小主持人",
            "close_blue_v": false,
            "description": "每天都在忙碌中虚度光阴cbigwisghh@163.com",
            "gender": "f",
            "mbtype": 12,
            "urank": 29,
            "mbrank": 3,
            "follow_me": false,
            "following": false,
            "followers_count": 2188,
            "follow_count": 3678,
            "cover_image_phone": "https://wx1.sinaimg.cn/crop.0.0.640.640.640/005SC8x2gy1fxn2o3zcs8j30k00k010r.jpg",
            "avatar_hd": "https://wx1.sinaimg.cn/orj480/005SC8x2ly8fz4ze8qxs5j30ig0igmy3.jpg",
            "like": false,
            "like_me": false,
            "badge": {
              "bind_taobao": 1,
              "unread_pool": 1,
              "unread_pool_ext": 1,
              "dzwbqlx_2016": 1,
              "panda": 1,
              "user_name_certificate": 1,
              "worldcup_2018": 34,
              "wenda_v2": 1,
              "dailv_2018": 1,
              "qixi_2018": 1,
              "national_day_2018": 1,
              "double11_2018": 1,
              "wbzy_2018": 1
            }
          },
          "mid": "4328875989182630",
          "readtimetype": "comment",
          "comments": false,
          "max_id": 0,
          "total_number": 0,
          "isLikedByMblogAuthor": false,
          "more_info_type": 0,
          "bid": "Hc7caCwOW",
          "source": "",
          "like_count": 0,
          "liked": false
        },
        {
          "created_at": "Wed Jan 16 00:47:30 +0800 2019",
          "id": "4328888257705007",
          "rootid": "4328888257705007",
          "floor_number": 523,
          "text": "我参与了<a href='/n/华西都市报'>@华西都市报</a> 发起的投票 【明星势力榜本周内地榜，你为谁打过榜】，我投给了“摩登兄弟”这个选项。你也快来表态吧~",
          "disable_reply": 0,
          "user": {
            "id": 6651656980,
            "screen_name": "521爱n",
            "profile_image_url": "https://tvax2.sinaimg.cn/crop.0.0.664.664.180/007g9FQ0ly8fyd2f3565vj30ig0igq4a.jpg",
            "profile_url": "https://m.weibo.cn/u/6651656980?uid=6651656980",
            "statuses_count": 522,
            "verified": false,
            "verified_type": -1,
            "close_blue_v": false,
            "description": "",
            "gender": "f",
            "mbtype": 0,
            "urank": 12,
            "mbrank": 0,
            "follow_me": false,
            "following": false,
            "followers_count": 87,
            "follow_count": 214,
            "cover_image_phone": "https://tva1.sinaimg.cn/crop.0.0.640.640.640/549d0121tw1egm1kjly3jj20hs0hsq4f.jpg",
            "avatar_hd": "https://wx2.sinaimg.cn/orj480/007g9FQ0ly8fyd2f3565vj30ig0igq4a.jpg",
            "like": false,
            "like_me": false,
            "badge": {
              "bind_taobao": 1,
              "panda": 1,
              "user_name_certificate": 1,
              "double11_2018": 1
            }
          },
          "mid": "4328888257705007",
          "readtimetype": "comment",
          "comments": false,
          "max_id": 0,
          "total_number": 0,
          "isLikedByMblogAuthor": false,
          "more_info_type": 0,
          "bid": "Hc7vXwkqj",
          "source": "",
          "like_count": 0,
          "liked": false
        },
        {
          "created_at": "Wed Jan 16 00:43:42 +0800 2019",
          "id": "4328887300873795",
          "rootid": "4328887300873795",
          "floor_number": 504,
          "text": "我参与了<a href='/n/华西都市报'>@华西都市报</a> 发起的投票 【明星势力榜本周内地榜，你为谁打过榜】，我投给了“邓伦”这个选项。你也快来表态吧~",
          "disable_reply": 0,
          "user": {
            "id": 6558251337,
            "screen_name": "多多200503",
            "profile_image_url": "https://tvax4.sinaimg.cn/crop.0.0.996.996.180/0079PKLnly8fx2b8msk18j30ro0rotae.jpg",
            "profile_url": "https://m.weibo.cn/u/6558251337?uid=6558251337",
            "statuses_count": 312,
            "verified": false,
            "verified_type": -1,
            "close_blue_v": false,
            "description": "",
            "gender": "f",
            "mbtype": 0,
            "urank": 4,
            "mbrank": 0,
            "follow_me": false,
            "following": false,
            "followers_count": 70,
            "follow_count": 172,
            "cover_image_phone": "https://tva1.sinaimg.cn/crop.0.0.640.640.640/549d0121tw1egm1kjly3jj20hs0hsq4f.jpg",
            "avatar_hd": "https://wx4.sinaimg.cn/orj480/0079PKLnly8fx2b8msk18j30ro0rotae.jpg",
            "like": false,
            "like_me": false,
            "badge": {
              "user_name_certificate": 1,
              "wenda_v2": 1,
              "dailv_2018": 7,
              "wbzy_2018": 1
            }
          },
          "mid": "4328887300873795",
          "readtimetype": "comment",
          "comments": false,
          "max_id": 0,
          "total_number": 0,
          "isLikedByMblogAuthor": false,
          "more_info_type": 0,
          "bid": "Hc7uq3Fjt",
          "source": "",
          "like_count": 0,
          "liked": false
        },
        {
          "created_at": "Wed Jan 16 00:36:29 +0800 2019",
          "id": "4328885489975766",
          "rootid": "4328885489975766",
          "floor_number": 460,
          "text": "我参与了<a href='/n/华西都市报'>@华西都市报</a> 发起的投票 【明星势力榜本周内地榜，你为谁打过榜】，我投给了“摩登兄弟”这个选项。你也快来表态吧~",
          "disable_reply": 0,
          "user": {
            "id": 5858064232,
            "screen_name": "越来越好920",
            "profile_image_url": "https://tvax4.sinaimg.cn/crop.0.0.664.664.180/006orQ6Yly8fz5lyh65pej30ig0igdfv.jpg",
            "profile_url": "https://m.weibo.cn/u/5858064232?uid=5858064232",
            "statuses_count": 484,
            "verified": false,
            "verified_type": -1,
            "close_blue_v": false,
            "description": "-",
            "gender": "f",
            "mbtype": 2,
            "urank": 9,
            "mbrank": 1,
            "follow_me": false,
            "following": false,
            "followers_count": 79,
            "follow_count": 190,
            "cover_image_phone": "https://tva4.sinaimg.cn/crop.0.0.640.640.640/a1d3feabjw1ez3ul46nlsj20hs0hsmz1.jpg",
            "avatar_hd": "https://wx4.sinaimg.cn/orj480/006orQ6Yly8fz5lyh65pej30ig0igdfv.jpg",
            "like": false,
            "like_me": false,
            "badge": {
              "unread_pool": 1,
              "unread_pool_ext": 1,
              "dzwbqlx_2016": 1,
              "panda": 1,
              "user_name_certificate": 1
            }
          },
          "mid": "4328885489975766",
          "readtimetype": "comment",
          "comments": false,
          "max_id": 0,
          "total_number": 0,
          "isLikedByMblogAuthor": false,
          "more_info_type": 0,
          "bid": "Hc7ruFR9s",
          "source": "",
          "like_count": 0,
          "liked": false
        },
        {
          "created_at": "Wed Jan 16 00:36:09 +0800 2019",
          "id": "4328885401807560",
          "rootid": "4328885401807560",
          "floor_number": 458,
          "text": "我参与了<a href='/n/华西都市报'>@华西都市报</a> 发起的投票 【明星势力榜本周内地榜，你为谁打过榜】，我投给了“朱一龙”这个选项。你也快来表态吧~",
          "disable_reply": 0,
          "user": {
            "id": 5248446302,
            "screen_name": "petholinhco",
            "profile_image_url": "https://tvax1.sinaimg.cn/crop.0.0.996.996.180/005JbWDIly8fwwgkx9g4hj30ro0rogo3.jpg",
            "profile_url": "https://m.weibo.cn/u/5248446302?uid=5248446302",
            "statuses_count": 461,
            "verified": false,
            "verified_type": -1,
            "close_blue_v": false,
            "description": "",
            "gender": "f",
            "mbtype": 2,
            "urank": 25,
            "mbrank": 1,
            "follow_me": false,
            "following": false,
            "followers_count": 100,
            "follow_count": 330,
            "cover_image_phone": "https://tva4.sinaimg.cn/crop.0.0.640.640.640/6ce2240djw1e8iktk4ohij20hs0hsmz6.jpg",
            "avatar_hd": "https://wx1.sinaimg.cn/orj480/005JbWDIly8fwwgkx9g4hj30ro0rogo3.jpg",
            "like": false,
            "like_me": false,
            "badge": {
              "zongyiji": 1,
              "unread_pool": 1,
              "unread_pool_ext": 1,
              "user_name_certificate": 1,
              "wbzy_2018": 1
            }
          },
          "mid": "4328885401807560",
          "readtimetype": "comment",
          "comments": false,
          "max_id": 0,
          "total_number": 0,
          "isLikedByMblogAuthor": false,
          "more_info_type": 0,
          "bid": "Hc7rm7Aec",
          "source": "",
          "like_count": 0,
          "liked": false
        },
        {
          "created_at": "Wed Jan 16 00:27:35 +0800 2019",
          "id": "4328883245537130",
          "rootid": "4328883245537130",
          "floor_number": 385,
          "text": "我参与了<a href='/n/华西都市报'>@华西都市报</a> 发起的投票 【明星势力榜本周内地榜，你为谁打过榜】，我投给了“摩登兄弟”这个选项。你也快来表态吧~",
          "disable_reply": 0,
          "user": {
            "id": 5645613913,
            "screen_name": "oh捂风挽笑",
            "profile_image_url": "https://tvax3.sinaimg.cn/crop.0.0.1080.1080.180/006a4q4Vly8fz0fogg6r8j30u00u0415.jpg",
            "profile_url": "https://m.weibo.cn/u/5645613913?uid=5645613913",
            "statuses_count": 7155,
            "verified": false,
            "verified_type": -1,
            "close_blue_v": false,
            "description": "",
            "gender": "f",
            "mbtype": 0,
            "urank": 9,
            "mbrank": 0,
            "follow_me": false,
            "following": false,
            "followers_count": 76,
            "follow_count": 127,
            "cover_image_phone": "https://tva1.sinaimg.cn/crop.0.0.640.640.640/549d0121tw1egm1kjly3jj20hs0hsq4f.jpg",
            "avatar_hd": "https://wx3.sinaimg.cn/orj480/006a4q4Vly8fz0fogg6r8j30u00u0415.jpg",
            "like": false,
            "like_me": false,
            "badge": {
              "unread_pool": 1,
              "unread_pool_ext": 1,
              "panda": 1,
              "user_name_certificate": 1,
              "qixi_2018": 1,
              "national_day_2018": 1,
              "double11_2018": 1
            }
          },
          "mid": "4328883245537130",
          "readtimetype": "comment",
          "comments": false,
          "max_id": 0,
          "total_number": 0,
          "isLikedByMblogAuthor": false,
          "more_info_type": 0,
          "bid": "Hc7nSnesy",
          "source": "",
          "like_count": 0,
          "liked": false
        },
        {
          "created_at": "Wed Jan 16 00:26:52 +0800 2019",
          "id": "4328883069619358",
          "rootid": "4328883069619358",
          "floor_number": 378,
          "text": "我参与了<a href='/n/华西都市报'>@华西都市报</a> 发起的投票 【明星势力榜本周内地榜，你为谁打过榜】，我投给了“摩登兄弟”这个选项。你也快来表态吧~",
          "disable_reply": 0,
          "user": {
            "id": 6618787961,
            "screen_name": "MD_唐糖520",
            "profile_image_url": "https://tvax1.sinaimg.cn/crop.0.0.996.996.180/007dVL6xly8fz0908t2zcj30ro0ro40e.jpg",
            "profile_url": "https://m.weibo.cn/u/6618787961?uid=6618787961",
            "statuses_count": 648,
            "verified": false,
            "verified_type": -1,
            "close_blue_v": false,
            "description": "往后余生，唯爱摩登",
            "gender": "f",
            "mbtype": 0,
            "urank": 13,
            "mbrank": 0,
            "follow_me": false,
            "following": false,
            "followers_count": 77,
            "follow_count": 103,
            "cover_image_phone": "https://tva1.sinaimg.cn/crop.0.0.640.640.640/549d0121tw1egm1kjly3jj20hs0hsq4f.jpg",
            "avatar_hd": "https://wx1.sinaimg.cn/orj480/007dVL6xly8fz0908t2zcj30ro0ro40e.jpg",
            "like": false,
            "like_me": false,
            "badge": {
              "panda": 1,
              "user_name_certificate": 1,
              "national_day_2018": 1,
              "double11_2018": 1
            }
          },
          "mid": "4328883069619358",
          "readtimetype": "comment",
          "comments": false,
          "max_id": 0,
          "total_number": 0,
          "isLikedByMblogAuthor": false,
          "more_info_type": 0,
          "bid": "Hc7nAEmqW",
          "source": "",
          "like_count": 0,
          "liked": false
        },
        {
          "created_at": "Wed Jan 16 00:24:30 +0800 2019",
          "id": "4328882470027857",
          "rootid": "4328882470027857",
          "floor_number": 352,
          "text": "我参与了<a href='/n/华西都市报'>@华西都市报</a> 发起的投票 【明星势力榜本周内地榜，你为谁打过榜】，我投给了“摩登兄弟”这个选项。你也快来表态吧~",
          "disable_reply": 0,
          "user": {
            "id": 5271406798,
            "screen_name": "黑眼圈7426",
            "profile_image_url": "https://tvax4.sinaimg.cn/crop.0.0.512.512.180/005KKhIily8fz3qsyjsh0j30e80e874l.jpg",
            "profile_url": "https://m.weibo.cn/u/5271406798?uid=5271406798",
            "statuses_count": 821,
            "verified": false,
            "verified_type": -1,
            "close_blue_v": false,
            "description": "",
            "gender": "f",
            "mbtype": 0,
            "urank": 20,
            "mbrank": 0,
            "follow_me": false,
            "following": false,
            "followers_count": 120,
            "follow_count": 150,
            "cover_image_phone": "https://tva1.sinaimg.cn/crop.0.0.640.640.640/549d0121tw1egm1kjly3jj20hs0hsq4f.jpg",
            "avatar_hd": "https://wx4.sinaimg.cn/orj480/005KKhIily8fz3qsyjsh0j30e80e874l.jpg",
            "like": false,
            "like_me": false,
            "badge": {
              "bind_taobao": 1,
              "unread_pool": 1,
              "unread_pool_ext": 1,
              "panda": 1,
              "user_name_certificate": 1,
              "wenda_v2": 1,
              "qixi_2018": 1,
              "double11_2018": 1
            }
          },
          "mid": "4328882470027857",
          "readtimetype": "comment",
          "comments": false,
          "max_id": 0,
          "total_number": 0,
          "isLikedByMblogAuthor": false,
          "more_info_type": 0,
          "bid": "Hc7mD07fj",
          "source": "",
          "like_count": 0,
          "liked": false
        },
        {
          "created_at": "Wed Jan 16 00:22:01 +0800 2019",
          "id": "4328881844266035",
          "rootid": "4328881844266035",
          "floor_number": 343,
          "text": "我参与了<a href='/n/华西都市报'>@华西都市报</a> 发起的投票 【明星势力榜本周内地榜，你为谁打过榜】，我投给了“摩登兄弟”这个选项。你也快来表态吧~",
          "disable_reply": 0,
          "user": {
            "id": 6263297813,
            "screen_name": "只因宁而来",
            "profile_image_url": "https://tvax3.sinaimg.cn/crop.0.0.996.996.180/006PS9Stly8fz70qd8ryfj30ro0roq6b.jpg",
            "profile_url": "https://m.weibo.cn/u/6263297813?uid=6263297813",
            "statuses_count": 1296,
            "verified": false,
            "verified_type": -1,
            "close_blue_v": false,
            "description": "往后余生，唯爱摩登。",
            "gender": "f",
            "mbtype": 0,
            "urank": 17,
            "mbrank": 0,
            "follow_me": false,
            "following": false,
            "followers_count": 156,
            "follow_count": 220,
            "cover_image_phone": "https://tva1.sinaimg.cn/crop.0.0.640.640.640/549d0121tw1egm1kjly3jj20hs0hsq4f.jpg",
            "avatar_hd": "https://wx3.sinaimg.cn/orj480/006PS9Stly8fz70qd8ryfj30ro0roq6b.jpg",
            "like": false,
            "like_me": false,
            "badge": {
              "panda": 1,
              "user_name_certificate": 1,
              "dailv_2018": 1,
              "qixi_2018": 1,
              "double11_2018": 1
            }
          },
          "mid": "4328881844266035",
          "readtimetype": "comment",
          "comments": false,
          "max_id": 0,
          "total_number": 0,
          "isLikedByMblogAuthor": false,
          "more_info_type": 0,
          "bid": "Hc7lChTN1",
          "source": "",
          "like_count": 0,
          "liked": false
        },
        {
          "created_at": "Wed Jan 16 00:20:10 +0800 2019",
          "id": "4328881379508431",
          "rootid": "4328881379508431",
          "floor_number": 320,
          "text": "我参与了<a href='/n/华西都市报'>@华西都市报</a> 发起的投票 【明星势力榜本周内地榜，你为谁打过榜】，我投给了“摩登兄弟”这个选项。你也快来表态吧~",
          "disable_reply": 0,
          "user": {
            "id": 1917710815,
            "screen_name": "MD_妞大叔",
            "profile_image_url": "https://tvax1.sinaimg.cn/crop.0.0.664.664.180/724df1dfly8fyyz697aatj20ig0ihab2.jpg",
            "profile_url": "https://m.weibo.cn/u/1917710815?uid=1917710815",
            "statuses_count": 2327,
            "verified": false,
            "verified_type": -1,
            "close_blue_v": false,
            "description": "",
            "gender": "f",
            "mbtype": 0,
            "urank": 26,
            "mbrank": 0,
            "follow_me": false,
            "following": false,
            "followers_count": 293,
            "follow_count": 1099,
            "cover_image_phone": "https://tva1.sinaimg.cn/crop.0.0.640.640.640/549d0121tw1egm1kjly3jj20hs0hsq4f.jpg",
            "avatar_hd": "https://wx1.sinaimg.cn/orj480/724df1dfly8fyyz697aatj20ig0ihab2.jpg",
            "like": false,
            "like_me": false,
            "badge": {
              "bind_taobao": 1,
              "unread_pool": 1,
              "unread_pool_ext": 1,
              "dzwbqlx_2016": 1,
              "panda": 1,
              "user_name_certificate": 1,
              "dailv_2018": 1,
              "national_day_2018": 1,
              "double11_2018": 1
            }
          },
          "mid": "4328881379508431",
          "readtimetype": "comment",
          "comments": false,
          "max_id": 0,
          "total_number": 0,
          "isLikedByMblogAuthor": false,
          "more_info_type": 0,
          "bid": "Hc7kRDTzN",
          "source": "",
          "like_count": 0,
          "liked": false
        },
        {
          "created_at": "Wed Jan 16 00:17:44 +0800 2019",
          "id": "4328880770434742",
          "rootid": "4328880770434742",
          "floor_number": 293,
          "text": "我参与了<a href='/n/华西都市报'>@华西都市报</a> 发起的投票 【明星势力榜本周内地榜，你为谁打过榜】，我投给了“摩登兄弟”这个选项。你也快来表态吧~",
          "disable_reply": 0,
          "user": {
            "id": 6112062670,
            "screen_name": "MD-顺其自然",
            "profile_image_url": "https://tvax1.sinaimg.cn/crop.0.0.664.664.180/006FDAHYly8fywmyvtltaj30ig0igjsa.jpg",
            "profile_url": "https://m.weibo.cn/u/6112062670?uid=6112062670",
            "statuses_count": 246,
            "verified": false,
            "verified_type": -1,
            "close_blue_v": false,
            "description": "",
            "gender": "f",
            "mbtype": 2,
            "urank": 9,
            "mbrank": 1,
            "follow_me": false,
            "following": false,
            "followers_count": 32,
            "follow_count": 46,
            "cover_image_phone": "https://tva1.sinaimg.cn/crop.0.0.640.640.640/549d0121tw1egm1kjly3jj20hs0hsq4f.jpg",
            "avatar_hd": "https://wx1.sinaimg.cn/orj480/006FDAHYly8fywmyvtltaj30ig0igjsa.jpg",
            "like": false,
            "like_me": false,
            "badge": {
              "user_name_certificate": 1
            }
          },
          "mid": "4328880770434742",
          "readtimetype": "comment",
          "comments": false,
          "max_id": 0,
          "total_number": 0,
          "isLikedByMblogAuthor": false,
          "more_info_type": 0,
          "bid": "Hc7jT1P5Y",
          "source": "",
          "like_count": 0,
          "liked": false
        },
        {
          "created_at": "Wed Jan 16 00:16:54 +0800 2019",
          "id": "4328880560907871",
          "rootid": "4328880560907871",
          "floor_number": 283,
          "text": "我参与了<a href='/n/华西都市报'>@华西都市报</a> 发起的投票 【明星势力榜本周内地榜，你为谁打过榜】，我投给了“摩登兄弟”这个选项。你也快来表态吧~",
          "disable_reply": 0,
          "user": {
            "id": 6725779294,
            "screen_name": "MD静待花开",
            "profile_image_url": "https://tvax1.sinaimg.cn/crop.0.0.1008.1008.180/007laGrcly8fz6hp7s0t1j30s00s041t.jpg",
            "profile_url": "https://m.weibo.cn/u/6725779294?uid=6725779294",
            "statuses_count": 1524,
            "verified": false,
            "verified_type": -1,
            "close_blue_v": false,
            "description": "你的过去我未曾参与，你的未来我定不离不弃",
            "gender": "f",
            "mbtype": 0,
            "urank": 12,
            "mbrank": 0,
            "follow_me": false,
            "following": false,
            "followers_count": 213,
            "follow_count": 261,
            "cover_image_phone": "https://tva1.sinaimg.cn/crop.0.0.640.640.640/549d0121tw1egm1kjly3jj20hs0hsq4f.jpg",
            "avatar_hd": "https://wx1.sinaimg.cn/orj480/007laGrcly8fz6hp7s0t1j30s00s041t.jpg",
            "like": false,
            "like_me": false,
            "badge": {
              "bind_taobao": 1,
              "panda": 1,
              "user_name_certificate": 1,
              "national_day_2018": 1,
              "double11_2018": 1,
              "memorial_2018": 1
            }
          },
          "mid": "4328880560907871",
          "readtimetype": "comment",
          "comments": false,
          "max_id": 0,
          "total_number": 0,
          "isLikedByMblogAuthor": false,
          "more_info_type": 0,
          "bid": "Hc7jy3Ob5",
          "source": "",
          "like_count": 0,
          "liked": false
        },
        {
          "created_at": "Wed Jan 16 00:16:12 +0800 2019",
          "id": "4328880380150941",
          "rootid": "4328880380150941",
          "floor_number": 273,
          "text": "我参与了<a href='/n/华西都市报'>@华西都市报</a> 发起的投票 【明星势力榜本周内地榜，你为谁打过榜】，我投给了“摩登兄弟”这个选项。你也快来表态吧~",
          "disable_reply": 0,
          "user": {
            "id": 6604492656,
            "screen_name": "MD_娟子",
            "profile_image_url": "https://tvax4.sinaimg.cn/crop.0.0.1080.1080.180/007cXMf6ly8fyx6tntc6ij30u00u0whm.jpg",
            "profile_url": "https://m.weibo.cn/u/6604492656?uid=6604492656",
            "statuses_count": 1413,
            "verified": true,
            "verified_type": 0,
            "verified_type_ext": 0,
            "verified_reason": "长沙磐维自动化科技有限公司 销售内勤",
            "close_blue_v": false,
            "description": "为宁玩微博",
            "gender": "f",
            "mbtype": 0,
            "urank": 13,
            "mbrank": 0,
            "follow_me": false,
            "following": false,
            "followers_count": 125,
            "follow_count": 144,
            "cover_image_phone": "https://tva1.sinaimg.cn/crop.0.0.640.640.640/549d0121tw1egm1kjly3jj20hs0hsq4f.jpg",
            "avatar_hd": "https://wx4.sinaimg.cn/orj480/007cXMf6ly8fyx6tntc6ij30u00u0whm.jpg",
            "like": false,
            "like_me": false,
            "badge": {
              "panda": 1,
              "user_name_certificate": 1,
              "wenda_v2": 1,
              "double11_2018": 1
            }
          },
          "mid": "4328880380150941",
          "readtimetype": "comment",
          "comments": false,
          "max_id": 0,
          "total_number": 0,
          "isLikedByMblogAuthor": false,
          "more_info_type": 0,
          "bid": "Hc7jg0Dgx",
          "source": "",
          "like_count": 0,
          "liked": false
        },
        {
          "created_at": "Wed Jan 16 00:16:04 +0800 2019",
          "id": "4328880351358961",
          "rootid": "4328880351358961",
          "floor_number": 270,
          "text": "我参与了<a href='/n/华西都市报'>@华西都市报</a> 发起的投票 【明星势力榜本周内地榜，你为谁打过榜】，我投给了“摩登兄弟”这个选项。你也快来表态吧~",
          "disable_reply": 0,
          "user": {
            "id": 6658336591,
            "screen_name": "MD_妮",
            "profile_image_url": "https://tvax2.sinaimg.cn/crop.0.0.996.996.180/007gBHvFly8fz2i49zgw4j30ro0ro75p.jpg",
            "profile_url": "https://m.weibo.cn/u/6658336591?uid=6658336591",
            "statuses_count": 4498,
            "verified": true,
            "verified_type": 0,
            "verified_type_ext": 0,
            "verified_reason": "刘宇宁想象开挂了超话小主持人",
            "close_blue_v": false,
            "description": "往后余生。唯爱摩登",
            "gender": "f",
            "mbtype": 0,
            "urank": 14,
            "mbrank": 0,
            "follow_me": false,
            "following": false,
            "followers_count": 415,
            "follow_count": 565,
            "cover_image_phone": "https://tva1.sinaimg.cn/crop.0.0.640.640.640/549d0121tw1egm1kjly3jj20hs0hsq4f.jpg",
            "avatar_hd": "https://wx2.sinaimg.cn/orj480/007gBHvFly8fz2i49zgw4j30ro0ro75p.jpg",
            "like": false,
            "like_me": false,
            "badge": {
              "panda": 1,
              "user_name_certificate": 1,
              "wenda_v2": 2,
              "dailv_2018": 1,
              "national_day_2018": 1,
              "double11_2018": 1,
              "wbzy_2018": 1
            }
          },
          "mid": "4328880351358961",
          "readtimetype": "comment",
          "comments": false,
          "max_id": 0,
          "total_number": 0,
          "isLikedByMblogAuthor": false,
          "more_info_type": 0,
          "bid": "Hc7jd5HwJ",
          "source": "",
          "like_count": 0,
          "liked": false
        },
        {
          "created_at": "Wed Jan 16 00:15:51 +0800 2019",
          "id": "4328880296502077",
          "rootid": "4328880296502077",
          "floor_number": 268,
          "text": "我参与了<a href='/n/华西都市报'>@华西都市报</a> 发起的投票 【明星势力榜本周内地榜，你为谁打过榜】，我投给了“摩登兄弟”这个选项。你也快来表态吧~",
          "disable_reply": 0,
          "user": {
            "id": 1204702150,
            "screen_name": "taste初见",
            "profile_image_url": "https://tva1.sinaimg.cn/crop.0.0.640.640.180/47ce4bc6jw8f1qfgl97khj20hs0hst9c.jpg",
            "profile_url": "https://m.weibo.cn/u/1204702150?uid=1204702150",
            "statuses_count": 840,
            "verified": false,
            "verified_type": -1,
            "close_blue_v": false,
            "description": "那年我喜欢上你，是因为那天下午阳光正好、你穿了我最喜欢的白衬衫。",
            "gender": "f",
            "mbtype": 0,
            "urank": 14,
            "mbrank": 0,
            "follow_me": false,
            "following": false,
            "followers_count": 47,
            "follow_count": 259,
            "cover_image_phone": "https://tva2.sinaimg.cn/crop.0.0.640.640.640/a1d3feabjw1ecasunmkncj20hs0hsq4j.jpg",
            "avatar_hd": "https://ww1.sinaimg.cn/orj480/47ce4bc6jw8f1qfgl97khj20hs0hst9c.jpg",
            "like": false,
            "like_me": false,
            "badge": {
              "bind_taobao": 1,
              "unread_pool": 1,
              "unread_pool_ext": 1,
              "user_name_certificate": 1
            }
          },
          "mid": "4328880296502077",
          "readtimetype": "comment",
          "comments": false,
          "max_id": 0,
          "total_number": 0,
          "isLikedByMblogAuthor": false,
          "more_info_type": 0,
          "bid": "Hc7j7rhud",
          "source": "",
          "like_count": 0,
          "liked": false
        },
        {
          "created_at": "Wed Jan 16 00:14:55 +0800 2019",
          "id": "4328880057653851",
          "rootid": "4328880057653851",
          "floor_number": 260,
          "text": "我参与了<a href='/n/华西都市报'>@华西都市报</a> 发起的投票 【明星势力榜本周内地榜，你为谁打过榜】，我投给了“朱一龙”这个选项。你也快来表态吧~",
          "disable_reply": 0,
          "user": {
            "id": 6031455464,
            "screen_name": "301的娜娜",
            "profile_image_url": "https://tvax2.sinaimg.cn/crop.0.0.664.664.180/006Abn5Kly8fyrd28plpgj30ig0igdgy.jpg",
            "profile_url": "https://m.weibo.cn/u/6031455464?uid=6031455464",
            "statuses_count": 53,
            "verified": false,
            "verified_type": -1,
            "close_blue_v": false,
            "description": "",
            "gender": "f",
            "mbtype": 0,
            "urank": 3,
            "mbrank": 0,
            "follow_me": false,
            "following": false,
            "followers_count": 1,
            "follow_count": 59,
            "cover_image_phone": "https://tva1.sinaimg.cn/crop.0.0.640.640.640/549d0121tw1egm1kjly3jj20hs0hsq4f.jpg",
            "avatar_hd": "https://wx2.sinaimg.cn/orj480/006Abn5Kly8fyrd28plpgj30ig0igdgy.jpg",
            "like": false,
            "like_me": false,
            "badge": {
              "user_name_certificate": 1,
              "wbzy_2018": 1,
              "memorial_2018": 1
            }
          },
          "mid": "4328880057653851",
          "readtimetype": "comment",
          "comments": false,
          "max_id": 0,
          "total_number": 0,
          "isLikedByMblogAuthor": false,
          "more_info_type": 0,
          "bid": "Hc7iJw77d",
          "source": "",
          "like_count": 0,
          "liked": false
        },
        {
          "created_at": "Wed Jan 16 00:14:31 +0800 2019",
          "id": "4328879956429247",
          "rootid": "4328879956429247",
          "floor_number": 246,
          "text": "我参与了<a href='/n/华西都市报'>@华西都市报</a> 发起的投票 【明星势力榜本周内地榜，你为谁打过榜】，我投给了“摩登兄弟”这个选项。你也快来表态吧~",
          "disable_reply": 0,
          "user": {
            "id": 6371578799,
            "screen_name": "用户摩登小柳",
            "profile_image_url": "https://tvax1.sinaimg.cn/crop.0.0.1080.1080.180/006XcuHZly8fy3trj7h3kj30u00u0gpo.jpg",
            "profile_url": "https://m.weibo.cn/u/6371578799?uid=6371578799",
            "statuses_count": 445,
            "verified": false,
            "verified_type": -1,
            "close_blue_v": false,
            "description": "往后余生。唯爱摩登。",
            "gender": "f",
            "mbtype": 0,
            "urank": 4,
            "mbrank": 0,
            "follow_me": false,
            "following": false,
            "followers_count": 13,
            "follow_count": 45,
            "cover_image_phone": "https://tva1.sinaimg.cn/crop.0.0.640.640.640/549d0121tw1egm1kjly3jj20hs0hsq4f.jpg",
            "avatar_hd": "https://wx1.sinaimg.cn/orj480/006XcuHZly8fy3trj7h3kj30u00u0gpo.jpg",
            "like": false,
            "like_me": false,
            "badge": {
              "bind_taobao": 1,
              "user_name_certificate": 1,
              "double11_2018": 1
            }
          },
          "mid": "4328879956429247",
          "readtimetype": "comment",
          "comments": false,
          "max_id": 0,
          "total_number": 0,
          "isLikedByMblogAuthor": false,
          "more_info_type": 0,
          "bid": "Hc7izqYxx",
          "source": "",
          "like_count": 0,
          "liked": false
        },
        {
          "created_at": "Wed Jan 16 00:10:53 +0800 2019",
          "id": "4328879043326188",
          "rootid": "4328879043326188",
          "floor_number": 183,
          "text": "我参与了<a href='/n/华西都市报'>@华西都市报</a> 发起的投票 【明星势力榜本周内地榜，你为谁打过榜】，我投给了“朱一龙”这个选项。你也快来表态吧~",
          "disable_reply": 0,
          "user": {
            "id": 5350296033,
            "screen_name": "zhuying浅雨熙",
            "profile_image_url": "https://tvax4.sinaimg.cn/crop.0.0.996.996.180/005Q5ipjly8fz31nt0yicj30ro0romyx.jpg",
            "profile_url": "https://m.weibo.cn/u/5350296033?uid=5350296033",
            "statuses_count": 59,
            "verified": false,
            "verified_type": -1,
            "close_blue_v": false,
            "description": "年少有你，青春无悔",
            "gender": "f",
            "mbtype": 0,
            "urank": 9,
            "mbrank": 0,
            "follow_me": false,
            "following": false,
            "followers_count": 44,
            "follow_count": 277,
            "cover_image_phone": "https://tva1.sinaimg.cn/crop.0.0.640.640.640/549d0121tw1egm1kjly3jj20hs0hsq4f.jpg",
            "avatar_hd": "https://wx4.sinaimg.cn/orj480/005Q5ipjly8fz31nt0yicj30ro0romyx.jpg",
            "like": false,
            "like_me": false,
            "badge": {
              "bind_taobao": 1,
              "unread_pool": 1,
              "unread_pool_ext": 1,
              "dzwbqlx_2016": 1,
              "user_name_certificate": 1,
              "dailv_2018": 7,
              "wbzy_2018": 1
            }
          },
          "mid": "4328879043326188",
          "readtimetype": "comment",
          "comments": false,
          "max_id": 0,
          "total_number": 0,
          "isLikedByMblogAuthor": false,
          "more_info_type": 0,
          "bid": "Hc7h6dXic",
          "source": "",
          "like_count": 0,
          "liked": false
        },
        {
          "created_at": "Wed Jan 16 00:10:29 +0800 2019",
          "id": "4328878941882517",
          "rootid": "4328878941882517",
          "floor_number": 178,
          "text": "我参与了<a href='/n/华西都市报'>@华西都市报</a> 发起的投票 【明星势力榜本周内地榜，你为谁打过榜】，我投给了“邓伦”这个选项。你也快来表态吧~",
          "disable_reply": 0,
          "user": {
            "id": 5370827536,
            "screen_name": "心AllenD",
            "profile_image_url": "https://tvax4.sinaimg.cn/crop.0.0.664.664.180/005RtrAAly8fwgvodbywxj30ig0igab8.jpg",
            "profile_url": "https://m.weibo.cn/u/5370827536?uid=5370827536",
            "statuses_count": 507,
            "verified": false,
            "verified_type": -1,
            "close_blue_v": false,
            "description": "心❤Allen.D，邓峰造极，无与伦比！",
            "gender": "f",
            "mbtype": 2,
            "urank": 23,
            "mbrank": 1,
            "follow_me": false,
            "following": false,
            "followers_count": 79,
            "follow_count": 60,
            "cover_image_phone": "https://tva1.sinaimg.cn/crop.0.0.640.640.640/9d44112bjw1f1xl1c10tuj20hs0hs0tw.jpg",
            "avatar_hd": "https://wx4.sinaimg.cn/orj480/005RtrAAly8fwgvodbywxj30ig0igab8.jpg",
            "like": false,
            "like_me": false,
            "badge": {
              "bind_taobao": 1,
              "unread_pool": 1,
              "unread_pool_ext": 1,
              "user_name_certificate": 1,
              "worldcup_2018": 34,
              "wenda_v2": 1,
              "dailv_2018": 7,
              "qixi_2018": 1,
              "double11_2018": 1,
              "wbzy_2018": 1
            }
          },
          "mid": "4328878941882517",
          "readtimetype": "comment",
          "comments": false,
          "max_id": 0,
          "total_number": 0,
          "isLikedByMblogAuthor": false,
          "more_info_type": 0,
          "bid": "Hc7gW7TJb",
          "source": "",
          "like_count": 0,
          "liked": false
        }
      ],
      "total_number": 541,
      "status": {
        "comment_manage_info": {
          "comment_permission_type": -1,
          "approval_comment_type": 0
        }
      },
      "max_id": 151202313172372,
      "max": 28,
      "max_id_type": 0
    }
  }